{
  "version": 1,
  "author": "Tech4juniors",
  "editor": "wokwi",
  "parts": [
    {
      "type": "wokwi-breadboard-half",
      "id": "bb1",
      "top": -42.3,
      "left": 195.3,
      "rotate": 90,
      "attrs": {}
    },
    {
      "type": "wokwi-arduino-uno",
      "id": "uno",
      "top": -41.4,
      "left": 1.4,
      "rotate": 90,
      "attrs": {}
    },
    { "type": "wokwi-microphone", "id": "mic1", "top": 2.22, "left": -53.01, "attrs": {} },
    {
      "type": "wokwi-led",
      "id": "led1",
      "top": -58.8,
      "left": 342.6,
      "rotate": 90,
      "attrs": { "color": "red" }
    },
    {
      "type": "wokwi-led",
      "id": "led2",
      "top": 8.4,
      "left": 342.6,
      "rotate": 90,
      "attrs": { "color": "red" }
    },
    {
      "type": "wokwi-led",
      "id": "led3",
      "top": 46.8,
      "left": 342.6,
      "rotate": 90,
      "attrs": { "color": "red" }
    },
    {
      "type": "wokwi-led",
      "id": "led4",
      "top": 123.6,
      "left": 342.6,
      "rotate": 90,
      "attrs": { "color": "red" }
    },
    {
      "type": "wokwi-led",
      "id": "led5",
      "top": -30,
      "left": 342.6,
      "rotate": 90,
      "attrs": { "color": "red" }
    },
    {
      "type": "wokwi-led",
      "id": "led6",
      "top": 85.2,
      "left": 342.6,
      "rotate": 90,
      "attrs": { "color": "red" }
    },
    {
      "type": "wokwi-resistor",
      "id": "r1",
      "top": -63.25,
      "left": 268.8,
      "attrs": { "value": "220000" }
    }
  ],
  "connections": [
    [ "uno:GND.2", "mic1:2", "black", [ "h-76.7", "v3.9" ] ],
    [ "uno:A0", "mic1:1", "green", [ "h-86.3", "v-5.8" ] ],
    [ "uno:GND.1", "bb1:3b.f", "black", [ "h19.2", "v-114.9", "h105.6", "v-19.2" ] ],
    [ "bb1:5b.g", "bb1:bn.4", "black", [ "h0" ] ],
    [ "bb1:8b.g", "bb1:bn.6", "black", [ "h0" ] ],
    [ "bb1:12b.g", "bb1:bn.10", "black", [ "h0" ] ],
    [ "bb1:16b.g", "bb1:bn.13", "black", [ "h0" ] ],
    [ "bb1:20b.g", "bb1:bn.16", "black", [ "h0" ] ],
    [ "bb1:24b.g", "bb1:bn.20", "black", [ "h0" ] ],
    [ "bb1:25b.g", "uno:8", "#8f4814", [ "h-86.4", "v-48" ] ],
    [ "bb1:21b.g", "uno:9", "red", [ "h-86.4", "v0", "h0", "v-19.2" ] ],
    [ "bb1:17b.g", "uno:10", "orange", [ "h-96", "v9.6" ] ],
    [ "bb1:13b.g", "uno:11", "gold", [ "h-86.4", "v28.8" ] ],
    [ "bb1:9b.g", "uno:12", "green", [ "h-86.4", "v57.6", "h-19.2" ] ],
    [ "bb1:6b.g", "uno:13", "blue", [ "h-86.4", "v48", "h-9.6" ] ],
    [ "led3:A", "bb1:17b.f", "", [ "$bb" ] ],
    [ "led3:C", "bb1:16b.f", "", [ "$bb" ] ],
    [ "led4:A", "bb1:25b.f", "", [ "$bb" ] ],
    [ "led4:C", "bb1:24b.f", "", [ "$bb" ] ],
    [ "r1:1", "bb1:bn.2", "", [ "$bb" ] ],
    [ "r1:2", "bb1:3b.h", "", [ "$bb" ] ],
    [ "led5:A", "bb1:9b.f", "", [ "$bb" ] ],
    [ "led5:C", "bb1:8b.f", "", [ "$bb" ] ],
    [ "led1:A", "bb1:6b.f", "", [ "$bb" ] ],
    [ "led1:C", "bb1:5b.f", "", [ "$bb" ] ],
    [ "led2:A", "bb1:13b.f", "", [ "$bb" ] ],
    [ "led2:C", "bb1:12b.f", "", [ "$bb" ] ],
    [ "led6:A", "bb1:21b.f", "", [ "$bb" ] ],
    [ "led6:C", "bb1:20b.f", "", [ "$bb" ] ]
  ],
  "dependencies": {}
}